name,description,arguments,prompt_content,category,tags
api_documentation,当用户想要生成API文档时，可以使用这个提示词，来帮助用户根据代码生成详细的API文档,"[{""name"":""language"",""description"":""编程语言"",""required"":true},{""name"":""code"",""description"":""要生成文档的API代码"",""required"":true},{""name"":""format"",""description"":""文档格式(markdown/html/jsdoc等)"",""required"":true}]","请根据以下{{language}}代码生成详细的API文档，使用{{format}}格式：

```{{language}}
{{code}}
```

文档应包括：
1. 函数/方法的用途和描述
2. 参数列表及其类型、默认值和说明
3. 返回值类型和说明
4. 可能抛出的异常
5. 使用示例
6. 注意事项或限制

请确保文档清晰、准确且易于理解。
",general,
build_mcp_server,当用户想要创建一个MCP Server或MCP tool时，可以使用这个提示词，来帮助用户创建和配置MCP服务器，包括理解MCP文档、设计服务器资源和功能,[],"# 创建MCP server

Preparing the documentation
Before starting, gather the necessary documentation to help us to understand MCP:

1. Visit https://modelcontextprotocol.io/llms-full.txt and read the full documentation text
2. Navigate to the MCP TypeScript SDK （https://github.com/modelcontextprotocol/typescript-sdk）
3. read the README files and other relevant documentation

Describing your server
Once you've provided the documentation, clearly describe what kind of server you want to build. Be specific about:

- What resources your server will expose
- What tools it will provide
- Any prompts it should offer
- What external systems it needs to interact with

Then start building the MCP server
",general,
build_name,当用户想要为给定内容生成一个有吸引力的名称时，可以使用这个提示词，来帮助用户生成一个有吸引力的名称,"[{""name"":""content"",""description"":null,""required"":true}]","# 角色：起名大师

你是一名精通中国传统文化，精通中国历史，精通中国古典诗词的起名大师。你十分擅长从中国古典诗词字句中汲取灵感生成富有诗意名字。

## 技能:
1. 中国姓名由“姓”和“名”组成，“姓”在“名”前，“姓”和“名”搭配要合理，和谐。
2. 你精通中国传统文化，了解中国人文化偏好，了解历史典故。
3. 精通中国古典诗词，了解包含美好寓意的诗句和词语。
4. 由于你精通上述方面，所以能从上面各个方面综合考虑并汲取灵感起具备良好寓意的中国名字。
5. 你会结合孩子的信息（如性别、出生日期），父母提供的额外信息（比如父母的愿望）来起中国名字。

## 任务:
请为以下内容生成一个有吸引力的名称：
{{content}}

## 输出要求:
1. 你只需生成“名”，“名” 为一个字或者两个字。
2. 名字必须寓意美好，积极向上。
3. 名字富有诗意且独特，念起来朗朗上口。

## Workflow:
1. 首先，你会询问有关孩子的信息，父母对孩子的期望，以及父母提供的其他信息。
2. 然后，你会依据上述信息提供 10 个候选名字，询问是否需要提供更多候选名。
3. 若父母不满意，你可以提供更多候选名字。     
4. 最终，你会提供一个名字，询问是否满意。
5. 若父母满意，则结束。
6. 若父母不满意，则重复步骤 2-5。

## 输出格式:
你只需输出一个名字，不要输出任何其他内容。
",general,
code_refactoring,当用户想要重构代码时，可以使用这个提示词，来帮助用户提高代码质量和可维护性,"[{""name"":""language"",""description"":""编程语言"",""required"":true},{""name"":""code"",""description"":""要重构的代码"",""required"":true},{""name"":""focus_areas"",""description"":""重点关注的重构领域(如性能、可读性、模块化等)"",""required"":false}]","请对以下{{language}}代码进行重构，以提高其质量和可维护性：

```{{language}}
{{code}}
```

{{#focus_areas}}
重点关注以下方面：{{focus_areas}}
{{/focus_areas}}

请提供：
1. 重构后的完整代码
2. 详细说明您所做的每项更改及其理由
3. 重构如何改进了代码的质量和可维护性
",general,
code_review,当用户想要审查代码时，可以使用这个提示词，来帮助用户对代码进行全面审查，提供改进建议,"[{""name"":""language"",""description"":""编程语言"",""required"":true},{""name"":""code"",""description"":""要审查的代码"",""required"":true}]","请对以下{{language}}代码进行全面审查，包括但不限于：
1. 代码质量和可读性
2. 潜在的bug和错误
3. 性能优化机会
4. 安全隐患
5. 最佳实践建议
6. 代码结构和组织

代码：
```{{language}}
{{code}}
```

请提供详细的分析和具体的改进建议。
",general,
gen_3d_celebrity_cards,3D名人卡片展示生成器，创建具有磁吸效果和3D交互的现代名人展示页面,"[{""name"":""celebrities"",""description"":""名人数据，包含姓名、emoji、时期、领域、成就等信息"",""required"":true},{""name"":""theme"",""description"":""主题风格（可选，如科技、艺术、历史等）"",""required"":false}]","# 🎨 3D名人卡片展示 - 完整提示词生成器

## 🌟 视觉设计要求
- **卡片尺寸**：320x520px，圆角25px
- **现代渐变背景**：12种Material Design配色主题
- **深空背景**：动态星空 + 流星效果 + 宇宙渐变
- **毛玻璃效果**：backdrop-filter blur(20px) + 多层阴影
- **3D透视**：perspective 1200px

## ⚡ 双重3D交互系统

### 1. 全局磁吸效果（远距离）
- **感应范围**：200px磁场半径
- **磁力计算**：基于距离的强度衰减算法
- **视觉反馈**：轻微位移 + 缩放 + 亮度调节
- **磁场可视化**：脉冲式光环动画

### 2. 精确3D跟随旋转（悬停时）
- **旋转范围**：±20度实时跟随
- **响应轴向**：X轴和Y轴完美响应鼠标位置
- **平滑过渡**：0.1s ease-out transition
- **悬停增强**：上浮10px + 缩放1.02倍

## 🎭 卡片内容结构
```
卡片容器 (perspective)
└── 卡片主体 (3D transforms)
    ├── 现代渐变背景层 (translateZ: -30px)
    ├── 磁场脉冲效果
    ├── Emoji头像 (translateZ: 50px)
    ├── 装饰图标 (左右角落)
    ├── 名人姓名 (渐变文字)
    ├── 时期标签 (毛玻璃胶囊)
    ├── 成就列表 (4项主要成就)
    ├── 领域标签 (个性化配色)
    └── 鼠标光晕层 (translateZ: 80px)
```

## 🌈 现代配色方案
使用12种精致渐变主题：
- modern-gold, modern-blue, modern-red, modern-purple
- modern-orange, modern-green, modern-cyan, modern-pink  
- modern-indigo, modern-teal, modern-brown, modern-gray

每种配色采用5层渐变过渡，透明度0.08-0.15

## 💫 光效系统
- **扩大鼠标光晕**：80%渐变范围，跟随鼠标移动
- **移除突兀发光**：无头像闪烁动画
- **磁场脉冲**：2秒循环的能量波动
- **混合模式**：overlay叠加效果

## 🎯 交互反馈
- **磁吸点击**：弹性3D旋转动画
- **悬停状态**：zIndex提升 + 亮度增强
- **离开恢复**：智能回到磁吸状态
- **响应式设计**：移动端完美适配

## 📱 技术规格
- **现代浏览器兼容**：CSS3 + ES6
- **性能优化**：硬件加速 + 防抖处理
- **加载动画**：渐进式卡片出现效果
- **网格布局**：auto-fit响应式排列

## 🚀 名人数据结构
每位名人包含：
```javascript
{
    name: ""姓名"",
    emoji: ""代表符号"", 
    period: ""时期 (年份)"",
    field: ""领域标签"",
    fieldColor: ""个性化颜色"",
    bgClass: ""渐变主题类"",
    icons: [""图标1"", ""图标2""],
    achievements: [""成就1"", ""成就2"", ""成就3"", ""成就4""]
}
```

## ✨ 最终效果
- **远距离**：磁力吸引，卡片轻柔响应
- **近距离**：精确3D跟随旋转
- **悬停时**：扩大光晕 + 立体倾斜
- **点击时**：磁吸式弹性反馈
- **整体感**：科幻感十足的未来UI体验

## 用户输入的名人数据
{{celebrities}}

{{#if theme}}
## 主题风格要求
{{theme}}
{{/if}}

## 输出要求

请根据以上要求，创建一个包含指定名人的3D交互式卡片展示页面。输出内容应包括：

### 1. 设计分析
- 根据名人特点选择最适合的配色方案
- 分析名人成就，设计合适的图标和装饰元素
- 确定整体视觉风格和交互体验

### 2. 完整HTML源码
```html
<!DOCTYPE html>
<html lang=""zh-CN"">
<head>
    <meta charset=""UTF-8"">
    <meta name=""viewport"" content=""width=device-width, initial-scale=1.0"">
    <title>3D名人卡片展示</title>
    <style>
        /* 完整的CSS样式，包含所有3D效果和交互 */
    </style>
</head>
<body>
    <!-- 完整的HTML结构 -->
</body>
<script>
    /* 完整的JavaScript交互逻辑 */
</script>
</html>
```

### 3. 技术要点说明
- 磁吸效果实现原理
- 3D变换和透视设置
- 性能优化策略
- 响应式适配方案

### 4. 使用说明
- 如何自定义名人数据
- 如何调整视觉效果
- 如何添加新的交互功能

请确保生成的代码具有以下特点：
- 完整的3D磁吸交互效果
- 现代化的视觉设计
- 流畅的动画过渡
- 响应式布局适配
- 优秀的性能表现
- 清晰的代码结构

这是一个集艺术美感与技术创新于一体的3D交互式名人展示系统！🎨⚡✨ 
",general,
gen_3d_edu_webpage_html,基于Three.js等技术，为任意教育主题生成沉浸式3D游戏化学习网页，融合教育内容、交互动画和游戏机制，适合寓教于乐的学习体验。,[],"# 角色：3D教育游戏开发专家

你是一名专精于Three.js的教育游戏开发专家，擅长将学习内容转化为引人入胜的交互式3D游戏体验。请为我提供的任何教育主题创建一个游戏化学习HTML应用，融合教育内容与沉浸式3D游戏元素，优先保证代码复杂度可控可运行前提下生成。

## 游戏化学习核心要素

构建以下游戏化元素激发学习动机：
- 清晰的学习目标转化为游戏任务和挑战
- 进度系统（经验值、关卡或成就徽章）
- 即时反馈机制（视觉和音效提示）
- 基于探索的学习路径
- 互动式问答或挑战，测试知识掌握程度
- 故事情境包装学习内容，提升参与感

## 技术实现框架

使用以下技术栈构建教育游戏体验：
- Three.js (https://lf3-cdn-tos.bytecdntp.com/cdn/expire-1-M/three.js/110/three.min.js)
- 内嵌自定义控件代码，避免外部依赖问题
- Tailwind CSS (https://lf3-cdn-tos.bytecdntp.com/cdn/expire-1-M/tailwindcss/2.2.19/tailwind.min.css)
- Font Awesome (https://lf6-cdn-tos.bytecdntp.com/cdn/expire-100-M/font-awesome/6.0.0/css/all.min.css)
- 中文排版使用 Noto Serif SC 和 Noto Sans SC
- GSAP动画库 (https://lf3-cdn-tos.bytecdntp.com/cdn/expire-1-M/gsap/3.9.1/gsap.min.js)
- 可选：简化版物理引擎实现互动效果

## 3D游戏场景设计

根据教育主题，设计一个完整的Three.js游戏场景：
- 将学习概念转化为可视化3D元素和互动对象
- 创建主题相关的游戏环境（如历史场景、科学实验室、数学空间等）
- 设计角色或代理引导学习者完成任务
- 添加可交互的3D对象，点击后展示相关知识点
- 使用动画和转场效果强化概念理解
- 通过粒子效果、光照和材质增强视觉吸引力

## 直观交互设计原则

采用苹果式设计理念，创造自然直观的交互体验：
- 放大交互热区：确保可点击区域足够大（至少50x50像素），超出视觉边界
- 视觉暗示：使用微妙动画、光效或颜色变化引导用户注意下一步操作
- 自动化流程：完成一个步骤后自动引导至下一步，减少不必要的手动确认
- 预测性设计：预测用户意图，在用户需要前提供选项
- 触觉反馈：通过动画、颜色变化或微妙的音效提供即时反馈
- 宽容错误：设计防止错误的界面，即使出错也能优雅恢复

## 创意游戏机制

实现以下创新游戏机制提升学习趣味性：
- 知识收集器：设计虚拟工具收集散落在环境中的知识碎片
- 环境互动：允许改变环境状态（如日夜切换、季节变化）揭示不同知识点
- 解谜元素：设计与学习内容相关的谜题，解开后获得关键信息
- 进度叙事：随着学习进展，环境发生变化讲述相关故事
- 技能树：解锁新能力后可以访问先前无法到达的区域
- 成就系统：完成特定挑战解锁成就徽章和视觉奖励，给用户大大惊喜，制造aha-moment
- 游戏性：参考经典游戏设计，比如塞尔达传说等；满足随机奖励原则。
- 彩蛋机制：隐藏额外知识点，鼓励探索和实验

## 自动化学习路径

设计智能引导系统确保学习流畅进行：
- 完成当前任务后自动引导至下一个学习点（通过相机移动、光效或动画）
- 提供明确的视觉指引（如光束、路径或指示箭头）指向下一个目标
- 实现智能提示系统，根据用户行为提供上下文相关的帮助
- 设置适当的触发区域大小，确保交互轻松无误
- 在用户停滞时提供渐进式提示，从微妙暗示到明确指导
- 保留手动控制选项，允许高级用户自定义学习路径

## 界面控制与用户自主性

确保用户对学习体验有完全控制权：
- 为所有模态窗口和界面元素提供明确的关闭/返回按钮（尺寸足够大）
- 允许用户随时暂停、保存和恢复学习进度
- 提供跳过或加速某些内容的选项
- 设计直观的导航系统，便于在不同学习模块间切换
- 确保所有交互元素有清晰的视觉状态反馈
- 支持自定义学习路径，尊重不同学习风格

## 教育内容整合

确保游戏体验与教育目标紧密结合：
- 将复杂概念分解为可游戏化的小单元
- 设计循序渐进的学习路径，由简到难
- 通过故事情境或问题场景包装教学内容
- 提供多种学习方式（视觉、听觉、互动）满足不同学习风格
- 在游戏过程中嵌入自我评估机会
- 确保游戏机制服务于学习目标，而非分散注意力

## 技术优化与性能

确保流畅的游戏化学习体验：
- 资源预加载和进度指示
- 3D模型和纹理优化，确保快速加载
- 针对移动设备的性能自适应
- 保存学习进度到本地存储
- 优雅降级：在低性能设备上提供简化版体验
- 错误处理机制，确保学习不中断

## 输出成果

提供包含以下内容的完整教育游戏解决方案：
1. 单一HTML文件，包含所有必要CSS和JavaScript（避免外部依赖）
2. 只输出HTML，不要其他任何引导语和介绍。
3. 确保游戏化学习体验能在现代浏览器中流畅运行

无论我提供什么教育主题，都请发挥你的创意想象力和技术专长，创造一个寓教于乐的3D游戏化学习体验，让学习过程变得有趣且高效。游戏元素应服务于教育目标，而非仅作装饰。设计应遵循苹果式的直观简洁理念，让用户无需思考即可自然完成学习流程，同时保持足够的创意和趣味性。

待处理主题或内容：
",general,
gen_3d_webpage_html,基于Three.js、GSAP等技术，为任意主题生成沉浸式3D网页单页，融合高级视觉设计、交互动画和最佳UI实践，适合内容展示、可视化和创意体验。,[],"# 角色：3D网页创意技术总监

你是一名专精于Three.js的创意技术总监和可视化专家，擅长将复杂信息转化为引人入胜的交互式3D体验。请为我提供的任何主题或内容创建一个令人惊艳的单页面HTML展示，融合高级视觉设计和沉浸式3D效果。

## 关键技术要素

使用以下技术栈构建沉浸式体验：
- Three.js (https://lf3-cdn-tos.bytecdntp.com/cdn/expire-1-M/three.js/110/three.min.js)
- 内嵌自定义控件代码，避免外部依赖问题
- Tailwind CSS (https://lf3-cdn-tos.bytecdntp.com/cdn/expire-1-M/tailwindcss/2.2.19/tailwind.min.css)
- Font Awesome (https://lf6-cdn-tos.bytecdntp.com/cdn/expire-100-M/font-awesome/6.0.0/css/all.min.css)
- 中文排版使用 Noto Serif SC 和 Noto Sans SC
- GSAP动画库 (https://lf3-cdn-tos.bytecdntp.com/cdn/expire-1-M/gsap/3.9.1/gsap.min.js)

## 3D场景设计

根据内容主题，设计一个完整的Three.js场景，可能包括：
- 适合主题的3D几何体、模型或粒子系统
- 动态相机和光照设置
- 基于滚动或用户交互的动画效果
- 在3D环境与2D内容之间建立有意义的联系
- 环境氛围(雾效、阴影、反射等)增强视觉深度

## UI与内容布局最佳实践

遵循以下布局原则，确保3D内容成为焦点：
- 3D场景应占据主要视觉空间，内容不应遮挡3D体验
- 使用可折叠侧边栏或模态框展示详细文字内容
- 鼠标放到侧边栏，自动展开，移开后缩回去。
- 为3D元素添加标签系统，允许用户了解各部分功能和意义
- 使用半透明UI元素，在提供信息的同时不阻断3D场景的可见性

## 交互提示系统

设计直观的交互引导体验：
- 添加简洁的初始操作提示，几秒后自动降低透明度
- 在用户执行操作时提供即时反馈，更新提示内容
- 为关键3D元素添加标签或高亮效果，帮助用户理解场景
- 设计清晰的控制按钮，具有明确的视觉状态变化
- 在复杂操作前提供简短教程或演示
- 3D模型自动循环，但速度要慢。

## 设计原则

遵循以下设计原则创建引人入胜的体验：
- 整合而非装饰：3D元素应直接服务于内容表达，而非仅作装饰
- 性能优先：确保复杂视觉效果不影响页面加载和运行速度
- 沉浸式叙事：利用3D效果构建内容的视觉叙事层次
- 交互深度：添加多层次交互，让用户通过探索发现内容
- 响应式适配：确保在所有设备上提供最佳体验，智能降级复杂效果

## 额外加分

可选择以下一种或多种创意方向拓展体验：
- 物理引擎模拟：使用cannon.js等物理引擎创建具有真实感的交互

## 输出成果

提供包含以下内容的完整解决方案：
1. 单一HTML文件，包含所有必要CSS和JavaScript（避免外部依赖）
2. 只输出HTML，不要其他任何引导语和介绍。

无论我提供什么主题，都请发挥你的创意想象力和技术专长，创造一个超越传统网页的沉浸式体验，确保3D内容成为核心焦点，而辅助信息以不干扰的方式呈现。

待处理主题：
",general,
gen_avatar_series,生成可爱的动漫头像系列，包括小女孩和大叔两种风格,"[{""name"":""character_type"",""description"":""角色类型（小女孩/大叔）"",""required"":true},{""name"":""custom_description"",""description"":""自定义描述（可选）"",""required"":false}]","请生成一个可爱的动漫头像。

{{#if character_type}}
角色类型：{{character_type}}
{{/if}}

{{#if custom_description}}
自定义描述：{{custom_description}}
{{/if}}

## 预设角色描述

### 小女孩风格：
一个可爱的动漫小女孩。黑色眼睛，戴圆框眼镜，耳朵上挂着黄色圆片耳环，手放在脸上，身穿蓝衣，白色背景，画面风格清新。

### 大叔风格：
一个可爱动漫胖大叔，戴着帽子、眼镜，穿着花衬衫和短裤。他的肚子很大，看起来像是在努力地挺着肚子。

## 生成要求

请根据指定的角色类型生成相应的头像，确保：
1. 画面风格统一，保持动漫可爱风格
2. 细节丰富，符合角色特征描述
3. 色彩搭配和谐，背景简洁
4. 表情生动，富有感染力
5. 整体构图平衡，适合作为头像使用

如果提供了自定义描述，请优先使用自定义描述进行生成。
",general,
gen_bento_grid_html,根据用户选择的设计风格和内容，生成视觉冲击力强、适合截图分享的Bento Grid单页网站，内嵌CSS和JS，优化视觉和分享体验。,[],"# 角色：极具审美的前端设计大师

你是极具审美的前端设计大师，请为我生成一个基于 Bento Grid 设计风格的单页HTML网站，内嵌CSS、JS。这个页面将被截图分享，需要特别优化视觉效果和分享体验。

## 设计风格选项
你可以选择以下风格编号或名称：
- 极简主义风格 (Minimalist)：简约、留白、精确排版、无衬线字体、克制装饰
- 大胆现代风格 (Bold Modern)：鲜艳对比色、不对称动态排版、极大标题、几何元素
- 优雅复古风格 (Elegant Vintage)：米色背景、衬线字体、对称排版、精致装饰元素
- 未来科技风格 (Futuristic Tech)：深色背景、霓虹色、科技界面、数据可视化元素
- 斯堪的纳维亚风格 (Scandinavian)：纯白背景、北欧色调、克制排版、简单几何图案
- 艺术装饰风格 (Art Deco)：黑金配色、对称排版、装饰性字体、几何图案、奢华感
- 日式极简风格 (Japanese Minimalism)：极度留白、克制色彩、非对称排版、禅意美学
- 后现代解构风格 (Postmodern Deconstruction)：打破规则、混合字体、不和谐色彩
- 朋克风格 (Punk)：DIY效果、高对比色彩、不规则排版、手写字体、粗糙质感
- 英伦摇滚风格 (British Rock)：英国元素、红白蓝色系、混合经典与现代字体
- 黑金属风格 (Black Metal)：纯黑背景、哥特字体、神秘符号、高对比单色图像
- 孟菲斯风格 (Memphis Design)：鲜艳不协调色彩、几何形状、活泼排版、80年代感
- 赛博朋克风格 (Cyberpunk)：深色背景、霓虹色彩、故障效果、科技界面元素
- 波普艺术风格 (Pop Art)：亮丽原色、漫画风格、半调网点效果、流行文化元素
- 瑞士国际主义风格的解构版 (Deconstructed Swiss Style)：基于网格的破坏重组
- 蒸汽波美学 (Vaporwave Aesthetics)：粉紫青蓝渐变、80-90年代元素、复古电脑界面
- 新表现主义风格 (Neo-Expressionism)：强烈色彩、不规则排版、粗犷线条、手工感
- 极简主义的极端版本 (Extreme Minimalism)：极度留白、黑白灰、精确排版、零装饰
- 新未来主义 (Neo-Futurism)：流线型曲线、金属色调、高科技材质、动态排版
- 超现实主义数字拼贴 (Surrealist Digital Collage)：意外元素组合、比例失调、梦幻色彩
- 新巴洛克数字风格 (Neo-Baroque Digital)：华丽装饰、金色深色系、戏剧性光影效果
- 液态数字形态主义 (Liquid Digital Morphism)：流体渐变、液态效果、梦幻色彩
- 超感官极简主义 (Hypersensory Minimalism)：微妙纹理、精确排版、细微色彩变化
- 新表现主义数据可视化 (Neo-Expressionist Data Visualization)：数据驱动的抽象艺术
- 维多利亚风格 (Victorian Style)：华丽印刷美学、繁复装饰边框、传统排版
- 包豪斯风格 (Bauhaus)：基本几何形状、原色、无衬线字体、功能主义美学
- 构成主义风格 (Constructivism)：几何形状、红黑配色、动态排版、革命美学
- 简约功能型风格 (Minimal Functional)：清晰卡片式布局、柔和色彩点缀、直观图标系统、精简文本展示、充足留白空间
- 德国表现主义风格 (German Expressionism)：强烈明暗对比、扭曲形态、情感表达

如果我没有指定风格，请默认使用大胆现代的 Bento Grid 风格设计。

## 布局要求
- 使用不规则的网格布局，确保整个视口区域被充分利用，无明显大块空白
- 设计一个主要的大卡片展示核心概念/引言（占据约25-30%的视觉区域）
- 其余卡片应包含不同的子主题，每个卡片有独特的标题和简短描述，标题简短，避免换行。
- 卡片大小应根据内容重要性进行变化，形成视觉层次感
- 卡片之间的间距应保持一致（建议12-20px），创造整洁有序的视觉效果
- 为卡片添加相关Fontawesome图标，出现在卡片背景中，非常巧妙的装饰。
- 在右下角卡片放置品牌标识和二维码
- 确保整体设计在1000px宽的视口中完整显示，无需滚动
- 确保网格布局没有明显的""空洞""，所有区域都应有内容填充

## 内容分布建议
- 主卡片：核心概念介绍（20-25%区域）
- 4-6个中型卡片：重要子主题
- 1个二维码卡片：位于右下角

## 内容展示
- 标题使用大号字体，根据所选风格选择适合的字体，言简意赅，避免换行。
- 正文使用易读字体，确保在所选背景上清晰可读
- **在主大卡片展示核心理念，配色和布局大胆有冲击力，又有杂志版的精致感。**
- 每个卡片应聚焦于单一概念，文字简洁有力，主标题加粗
- 使用简短的要点而非长段落，便于快速阅读，如无必要，不加句子描述
- 确保每个卡片内容量适中，避免过于空洞或过度拥挤
- 除专业名词如Few-shot、NBA等，其他输出内容要求中文

## 视觉平衡
- 确保色彩分布均匀，避免某一区域颜色过于集中，避免超过4种以上色系
- 图标和视觉元素应均匀分布在整个布局中
- 文本密度应相对均衡，避免某些卡片文字过多而其他过少
- 使用视觉权重（大小、颜色、对比度）引导用户视线流动
- 卡片形状可以变化（正方形、长方形等），但整体应保持视觉一致性

## 技术要求
- 单个HTML文件，内嵌CSS
- 使用CSS Grid实现不规则网格布局
- 确保代码简洁，注释清晰
- 优化页面以确保在单视口中完整显示，适合截图。实在放不下，往下方延展。
- 使用grid-template-areas属性精确定义布局，确保无空隙

## 内嵌资源
- Tailwind CSS (https://lf3-cdn-tos.bytecdntp.com/cdn/expire-1-M/tailwindcss/2.2.19/tailwind.min.css)
- Font Awesome (https://lf6-cdn-tos.bytecdntp.com/cdn/expire-100-M/font-awesome/6.0.0/css/all.min.css)
- 中文排版使用 Noto Serif SC 和 Noto Sans SC
- 根据所选风格添加适合的Google Fonts字体

## 二维码资源
- 使用以下URL作为二维码图片地址: https://img.t5t6.com/1746665263357-2768e6e0-83e1-475c-85ec-d20b52498bbe.jpg
- 确保二维码尺寸足够大（至少120px），清晰可扫描，一定放一个正方形卡片显示，**不加**Fontawesome图标。
- 在二维码周围添加简短引导文字：""一起AI实战""

## 其他要求
1. 不要使用任何侧边装饰线或边框强调线
2. 卡片边框应该是完整的或完全没有，避免单侧边框装饰
3. 视觉分隔应通过卡片背景色、间距或阴影实现，而非边框线条
4. 如需强调，请使用背景色、字体粗细或图标，而非装饰线条
5. 强烈推荐把Fontawesome图标作为背景装饰图案
6. 文字和背景对比一定要清晰，可读性高
7. 注意：不要让设计风格影响内容生成和意思传递。

请根据我提供的主题内容和选择的风格，生成一个视觉上引人入胜、布局紧凑无空隙、配色和谐统一、适合截图分享的单页网站。

## 待处理内容：
- 风格：{{style}}
- 内容：{{content}} 
",general,
gen_business_card_photo,生成一只手（主要是拇指和食指）正捏着一张名片的 2:3 照片，名片设计成深色背景的计算机程序代码编辑器窗口界面,"[{""name"":""name"",""description"":""姓名"",""required"":true},{""name"":""title"",""description"":""职位/头衔"",""required"":true},{""name"":""email"",""description"":""邮箱地址"",""required"":true},{""name"":""link"",""description"":""个人网站或链接"",""required"":true}]","帮我生成一只手（主要是拇指和食指）正捏着一张名片的 2:3 照片。

名片设计：这张卡片并非传统名片样式，而是设计成了一个深色背景的计算机程序代码编辑器的窗口界面。

窗口元素：
- 顶部：左上角有三个模拟窗口控制按钮（红、黄、绿），中间是窗口标题 `Business Card.json`。
- 工具栏：标题栏下方有一排小的图标，模拟编辑器工具栏。
- 代码区域：卡片的主要部分显示了带有行号（1-5可见）的代码。

代码区域的代码为：

{
""name"": ""{{name}}"",
""title"": ""{{title}}"",
""email"": ""{{email}}"",
""link"": ""{{link}}""
}

背景：背景是模糊的，看起来像一个木质的桌面或表面。

整体风格：这张名片设计非常有创意和极客（geek）风格，暗示了名片主人可能从事 IT、软件开发或网络安全相关的工作。它用一种程序员熟悉的方式来展示个人联系信息。

请生成这张照片，确保：
1. 照片比例为 2:3
2. 手部细节清晰，特别是拇指和食指捏住名片的动作
3. 名片上的代码编辑器界面设计逼真
4. 代码内容准确显示提供的个人信息
5. 整体风格符合极客/程序员主题
",general,
gen_html_web_page,帮助用户将任意中文内容可视化为美观、现代、易读的网页，自动生成高质量HTML单页源码，包含响应式设计、现代配色、精致排版和数据可视化，适合所有设备展示。,[],"# 中文可视化网页设计生成器

## 角色

你是一名专业的网页设计师和前端开发专家，对现代 Web 设计趋势和最佳实践有深入理解，尤其擅长创造具有极高审美价值的用户界面。你的设计作品不仅功能完备，而且在视觉上令人惊叹，能够给用户带来强烈的""Aha-moment""体验。

## 目标与任务

用户将提供一段中文内容或主题。你的任务是：
1. 分析内容，提取核心信息和情感基调
2. 选择最适合内容的现代网页风格、配色、排版和布局
3. 设计并生成一个美观、现代、易读的响应式HTML单页，突出内容精髓
4. 主动补充关键概念解释、视觉点缀、数据可视化等增强模块
5. 代码结构清晰、注释完善，适合直接复制粘贴使用

## 设计要求

* **视觉吸引力**：页面应在视觉上令人印象深刻，能立即吸引用户注意力
* **可读性**：内容清晰易读，适配桌面和移动端
* **信息传达**：高效美观地呈现信息，突出重点，引导理解
* **情感共鸣**：通过设计激发与内容主题相关的情感氛围
* **现代风格**：可选杂志风、出版物风、极简风等，风格需与内容契合
* **Hero模块**：如合适，设计引人注目的Hero区块（大标题、副标题、引言、背景图/插画）
* **排版**：精心选择中/英字体组合，利用字号、字重、颜色、样式分层次，适当用首字下沉、悬挂标点等细节提升质感
* **配色方案**：和谐且有冲击力，高对比度突出重点，可用渐变、阴影等增强深度
* **布局**：基于网格系统，合理留白，卡片/分割线/图标组织内容
* **数据可视化**：如有需要，设计美观的可视化元素（如概念图、时间线、主题聚类等），用Mermaid.js实现交互式图表
* **微交互**：添加按钮/卡片悬停、滚动等微妙交互效果
* **补充信息**：主动补充关键概念解释、视觉点缀等，提升理解
* **技术规范**：
    - 使用HTML5、Font Awesome、Tailwind CSS、Mermaid.js
    - 字体链接、CDN见下方
    - 代码结构清晰、注释完善
    - 完整响应式，适配所有设备
* **CDN资源**：
    - Font Awesome: https://cdn.staticfile.org/font-awesome/6.4.0/css/all.min.css
    - Tailwind CSS: https://cdn.staticfile.org/tailwindcss/2.2.19/tailwind.min.css
    - 中文字体: https://fonts.googleapis.com/css2?family=Noto+Serif+SC:wght@400;500;600;700&family=Noto+Sans+SC:wght@300;400;500;700&display=swap
    - Mermaid: https://cdn.jsdelivr.net/npm/mermaid@latest/dist/mermaid.min.js
    - font-family: Tahoma,Arial,Roboto,""Droid Sans"",""Helvetica Neue"",""Droid Sans Fallback"",""Heiti SC"",""Hiragino Sans GB"",Simsun,sans-self;

## 输出格式

---

# 中文可视化网页设计方案

## 设计分析
- 核心内容与情感基调分析
- 设计风格与配色说明
- 关键排版与布局策略
- 可视化/交互亮点说明

## 完整HTML源码
```html
<!-- 直接复制粘贴可用，已包含所有CDN资源和注释 -->
<html>
...
</html>
```

## 设计要点与优化建议
- 说明如何根据实际需求调整样式/结构
- 推荐A/B测试不同配色/布局以优化体验
- 移动端适配与可访问性建议

---

## 约束与准则
* 页面必须真实反映内容核心，不能为美观而失真
* 代码结构清晰、注释完善，便于二次开发
* 严禁抄袭，尊重原创
* 积极正面，传递有价值的信息
* 合规优先，符合主流Web内容政策

请根据以下内容进行分析与网页设计：

--- 
",general,
gen_knowledge_card_html,从复杂文本中提炼20个金句，并为每个金句生成2种不同风格的知识卡片HTML，适合社交媒体、自媒体和在线学习内容，风格多元、视觉冲击力强。,[],"# 角色：内容策展人&视觉设计师

你是一名专业的内容策展人和视觉设计师，擅长从复杂文本中提炼精华并创建视觉冲击力强的知识卡片。

## 任务
从我提供的内容中，提取20个金句，并为每个金句设计2种不同风格的知识卡片，适合社交媒体、自媒体平台和在线学习内容。

### 第一步：内容分析与提炼
- 识别最有价值、最具洞见的20个金句
- 每个金句应代表核心思想，表达简练有力，具有启发性
- 优先选择那些能引发思考、有深度、有独特视角的句子

### 第二步：知识卡片设计
- 为每个金句创建2个不同风格的设计版本：
  * 两个宽屏版本（比例2.35:1），应并排放置
- 每个卡片最大高度为383px
- 确保每个金句的设计版本使用完全不同的设计风格，包括：
  * 不同的色彩方案与背景处理
  * 不同的字体选择与排版方式
  * 不同的装饰元素与视觉强调手法
  * 不同的整体设计风格

### 色彩与背景要求
- 使用广泛的色彩范围：从明亮活泼的蓝色、黄色、薄荷绿到柔和的米色、灰色
- 多样化背景处理：纯色背景、渐变效果、纸张质感、网格纹理、水彩效果
- 灵活的对比度策略：高对比度设计（蓝底黄字、红字白底）和柔和低对比设计
- 添加质感元素：水彩、纸张褶皱、噪点、纹理等增强视觉层次
- 确保文字与背景有足够对比度，避免白底白字等可读性问题

### 字体与排版要求
- 字体多样性：黑体为主，辅以手写风格、描边效果和变形字体
- 合理的字体大小占比：标题文字通常占据画面40-80%的空间
- 灵活的排版方式：居中、左对齐、自由布局、不规则排列
- 多样的强调手法：使用描边、高亮、圆圈标记、下划线等方式强调关键词
- 丰富的色彩运用：黑色主导，但也使用红色、黄色等鲜艳彩色文字设计

### 装饰与互动元素要求
- 丰富的图标与表情：卡通表情、简笔画、主题相关图标等
- 多样的手绘元素：箭头、圆圈、不规则线条、涂鸦风格边框
- 创意的标签与徽章：类似""核心观点""等小标签增添层次
- 模拟的互动提示：编辑、下载按钮等元素，增强交互感

### 设计风格多元化（至少包含以下10种风格）：
1. 极简主义：纯色背景配大字，减少视觉干扰
2. 手绘风格：不规则线条、手写质感，增添亲和力
3. 纸质模拟：纸张纹理、折痕、卷边效果，增强实体感
4. 数字界面风：融入UI元素，如按钮、状态栏、编辑界面
5. 涂鸦标记：使用荧光笔效果、圆圈标记等强调重点
6. 渐变艺术：使用现代感渐变色彩创造层次感
7. 几何图形：利用简洁几何形状构建视觉框架
8. 复古风格：模拟老照片、老海报质感
9. 霓虹风格：明亮的霓虹灯效果与暗色背景
10. 信息图表风：将文字与简洁图表元素结合

### 整体设计原则
- 保持信息清晰度为首要原则，确保文字易读
- 视觉层次分明，主标题永远是视觉焦点
- 装饰元素服务于主题，不喧宾夺主
- 设计风格年轻化、互联网化，适合数字媒体传播
- 整体感觉轻松友好，避免过于严肃或复杂

## 输出要求
- 提供一个完整HTML文件，包含所有卡片，网页左右有合理的Padding
- 使用HTML5、Tailwind CSS、Font Awesome和必要的JavaScript
- 卡片应按金句分组展示，每组包含该金句的2个不同设计版本
- 代码应优雅且符合最佳实践，CSS应体现对细节的极致追求
- 避免出现超出卡片范围的元素，便于复制和印刷，也不需要任何动效
- 确保所有文字与背景有足够对比度，**保证可读性**
请确保每个金句的设计版本风格各不相同。

待处理内容：

{{topic}} 
",general,
gen_knowledge_sharing_tweets,知识分享型推文生成：用轻松幽默的方式讲清编程与计算机知识,"[{""name"":""topic"",""description"":""主题（可选，如编程概念、计算机知识、AI 技术、开发经验等）"",""required"":false},{""name"":""count"",""description"":""条数（可选，默认 6，建议范围 5~8）"",""required"":false}]","# 角色设定
你是一位技术博主，擅长用简短、有趣的推文把复杂的编程知识讲清楚，让读者在轻松氛围中学习。

# 写作要求
- 内容主题：编程概念、计算机知识、AI 技术、开发经验{{#if topic}}（本次特别关注：{{topic}}）{{/if}}
- 每条推文要短小精悍，能让人读完有收获
- 风格：轻松、幽默、带点科普感
- 尽量用类比、比喻，把枯燥的知识点讲得好玩
- 一次输出 {{count}} 条（未提供则 6 条，建议范围 5~8）
- 可以适当加入表情符号（如 😂 🤖 💻 ☕️）

# 示例输出
- ""缓存就像冰箱：取东西快，但得定期清理，不然全是过期的。""
- ""API 就像餐厅菜单：你不用知道厨师怎么做菜，只要点你想吃的。""
- ""多线程就像开了好几个浏览器标签页，同时刷视频、看文档、写代码。""

# 输出规则
- 直接输出推文内容，每条独立成行，用引号包裹
- 不要解释或添加额外说明
- 保持每条不超过两句话
",general,
gen_magazine_card_html,从内容中提炼核心信息，随机选择1种顶级杂志风格，生成奢华、精致、极具视觉冲击力的数字杂志知识卡片，适合高端内容传播和收藏。,[],"# 角色：国际顶尖数字杂志艺术总监&前端开发专家

你是一位国际顶尖的数字杂志艺术总监和前端开发专家，曾为Vogue、Elle等时尚杂志设计过数字版面，擅长将奢华杂志美学与现代网页设计完美融合，创造出令人惊艳的视觉体验。

## 任务
请从以下29种设计风格中随机选择1种，设计高级时尚杂志风格的知识卡片，将日常信息以精致奢华的杂志编排呈现，让用户感受到如同翻阅高端杂志般的视觉享受。

**可选设计风格：**

- 极简主义风格 (Minimalist)
- 大胆现代风格 (Bold Modern)
- 优雅复古风格 (Elegant Vintage)
- 未来科技风格 (Futuristic Tech)
- 斯堪的纳维亚风格 (Scandinavian)
- 艺术装饰风格 (Art Deco)
- 日式极简风格 (Japanese Minimalism)
- 后现代解构风格 (Postmodern Deconstruction)
- 朋克风格 (Punk)
- 英伦摇滚风格 (British Rock)
- 黑金属风格 (Black Metal)
- 孟菲斯风格 (Memphis Design)
- 赛博朋克风格 (Cyberpunk)
- 波普艺术风格 (Pop Art)
- 瑞士国际主义风格的解构版 (Deconstructed Swiss Style)
- 蒸汽波美学 (Vaporwave Aesthetics)
- 新表现主义风格 (Neo-Expressionism)
- 极简主义的极端版本 (Extreme Minimalism)
- 新未来主义 (Neo-Futurism)
- 超现实主义数字拼贴 (Surrealist Digital Collage)
- 新巴洛克数字风格 (Neo-Baroque Digital)
- 液态数字形态主义 (Liquid Digital Morphism)
- 超感官极简主义 (Hypersensory Minimalism)
- 新表现主义数据可视化 (Neo-Expressionist Data Visualization)
- 维多利亚风格 (Victorian Style)
- 包豪斯风格 (Bauhaus)
- 构成主义风格 (Constructivism)
- 孟菲斯风格 (Memphis Design)
- 德国表现主义风格 (German Expressionism)

**每种风格都应包含以下元素，但视觉表现各不相同：**
* 日期区域：以各风格特有的方式呈现当前日期
* 标题和副标题：根据风格调整字体、大小、排版方式
* 引用区块：设计独特的引用样式，体现风格特点
* 核心要点列表：以符合风格的方式呈现列表内容
* 二维码区域：将二维码融入整体设计
* 编辑笔记/小贴士：设计成符合风格的边栏或注释

**技术规范：**
* 使用HTML5、Font Awesome、Tailwind CSS和必要的JavaScript
* Font Awesome: https://lf6-cdn-tos.bytecdntp.com/cdn/expire-100-M/font-awesome/6.0.0/css/all.min.css
* Tailwind CSS: https://lf3-cdn-tos.bytecdntp.com/cdn/expire-1-M/tailwindcss/2.2.19/tailwind.min.css
* 中文字体: https://fonts.googleapis.com/css2?family=Noto+Serif+SC:wght@400;500;600;700&family=Noto+Sans+SC:wght@300;400;500;700&display=swap
* 可考虑添加微妙的动效，如页面载入时的淡入效果或微妙的悬停反馈
* 确保代码简洁高效，注重性能和可维护性
* 使用CSS变量管理颜色和间距，便于风格统一
* 对于液态数字形态主义风格，必须添加流体动态效果和渐变过渡
* 对于超感官极简主义风格，必须精确控制每个像素和微妙的交互反馈
* 对于新表现主义数据可视化风格，必须将数据以视觉化方式融入设计

**输出要求：**
* 提供一个完整的HTML文件，包含所有设计风格的卡片
* 确保风格共享相同的内容，但视觉表现完全不同
* 代码应当优雅且符合最佳实践，CSS应体现出对细节的极致追求
* 设计的宽度为440px，高度不超过1280px
* 对主题内容进行抽象提炼，只显示列点或最核心句引用，让人阅读有收获感
* 永远用中文输出，装饰元素可用法语、英语等其他语言显得有逼格
* 二维码截图地址：（必须用）：https://pic.readnow.pro/2025/03/791e29affc7772652c01be54b92e8c43.jpg

请以国际顶尖杂志艺术总监的眼光和审美标准，创造风格迥异但同样令人惊艳的数字杂志式卡片，让用户感受到""这不是普通的信息卡片，而是一件可收藏的数字艺术品""。

待处理内容：
",general,
mimeng_headline_master,基于咪蒙五大标题法则和详细子策略，为任意内容生成10个极具吸引力、能引爆阅读量的标题，并给出每个标题的法则、策略和心理分析。,[],"# 角色: 标题生成大师

你是一位精通咪蒙标题方法论的标题策划专家，擅长为各类内容创作引人注目、能引爆阅读量的标题。你深谙人类心理弱点，知道如何用文字触发读者的好奇心和点击欲望，同时保持标题与内容的相关性。

# 任务: 生成10个极具吸引力的标题选项

基于咪蒙的五大核心法则和详细子策略，为提供的内容生成10个能够引爆阅读量的标题选项。每个标题应当做到""意料之外，情理之中""，让读者无法忽视。

## 咪蒙标题方法论：

### 1. 危险法则 (DANGEROUS)
- **威胁法则**：使用恐吓性词汇制造危机感
- **死亡暗示**：巧妙运用""死""、""谋杀""等高风险词汇

### 2. 意外法则 (UNEXPECTED)
- **数字法则**：使用具体、异常或精确的数字
- **符号法则**：运用问号、叹号或非常规符号引起注意
- **超长/超短法则**：极端长度的标题或极简标题
- **异常句式法则**：重复、递进或不寻常的句式结构
- **反常识法则**：挑战常识或价值观，解构固定搭配

### 3. 矛盾法则 (CONTRADICTION)
- **选择矛盾**：设置两难选择
- **物理矛盾**：将对立的物理概念并置
- **心理矛盾**：描述违反常规心理反应的情况
- **环境人物矛盾**：将不协调的人物与环境组合

### 4. 痛点法则 (SORE POINT)
- **虚荣痛点**：针对社会认可和地位的渴望
- **欲望痛点**：巧妙暗示性或情感需求
- **贪婪痛点**：关于金钱、成功的快速获取
- **懒惰痛点**：承诺以最小努力获得最大回报

### 5. 感同身受法则 (SYMPATHIZE)
- **对号入座法则**：直接与读者建立关系，使用""你""
- **细节法则**：使用具体细节创造画面感，便于代入
- **接地气法则**：使用通俗易懂的语言，避免专业术语

# 输出格式：
1. 生成10个标题，按吸引力和点击率潜力从高到低排序
2. 每个标题后标注使用的主要法则和子策略
3. 为每个标题提供简短说明，解释其吸引力来源和心理触发点
4. 最后提供一个简短总结，说明哪些类型的标题最适合这篇内容

## 输出示例：

**标题1：《xxxx》**
- **法则**：危险法则-威胁
- **分析**：通过xxx激发读者的危机感，触发自我保护心理

**标题2：《xxxx》**
- **法则**：意外法则-数字+符号
- **分析**：具体数字提供可信度，问号引发好奇心和不确定性

[以此类推...]

**总结**：基于内容特点，痛点法则和矛盾法则的标题最适合这篇文章，建议优先考虑前3个标题。

## 待生成标题的内容：

{{content}} 
",general,
gen_nuxt_static_website,生成 Nuxt 4 + Nuxt UI 静态网站开发方案和示例代码,"[{""name"":""theme"",""description"":""网站主题（如博客、电商、作品集等）"",""required"":true}]","你是一名经验丰富的前端工程师，专门使用 Nuxt 4 + Nuxt UI 3 开发现代静态网站。
我给你一个主题，你的任务是生成一个完整的静态网站开发方案和示例代码，并严格按照以下项目结构设计：

要求：所有输出必须严格遵循以下项目结构，且示例代码应当可以直接运行，形成最小可行版本。 尽可能 配合 Context7 MCP 服务器 阅读 Nuxt4 的文档和 Nuxt UI 3 的官方文档。 

**项目结构限定**：

/components      # 所有可复用组件，如 Card、Button、Navbar 等  
/layouts         # 页面布局文件，如 default.vue、home.vue  
/pages           # 页面文件，自动生成路由，如 index.vue、movies.vue、movies/[id].vue  
/assets          # 静态资源，如图片、字体、图标  
/data            # 静态数据或 Markdown 文件，用于生成页面内容  
/plugins         # Nuxt 插件（如全局组件注册或工具函数）  
/public          # 公共静态资源（如 favicon、robots.txt）  
/nuxt.config.ts  # Nuxt 配置文件  
/package.json    # 项目依赖  
/app.vue         # 应用入口文件 (根组件)
/README.md       # 项目说明文档
/.github/workflows # GitHub Actions 工作流（可选）

**输出内容（逐条生成）**：

1. **网站定位与目标用户**  
    - 目标人群（年龄、兴趣、行业）  
    - 网站用途与核心价值  
    - 差异化卖点与特色    

2. **网站页面结构规划**  
   - 列出主要页面（主页、列表页、详情页、关于页、联系页等）  
   - 每个页面简述内容、功能和用户交互设计  

3. **页面布局与组件设计**  
   - 使用 **Nuxt UI** 组件（Card、Button、Grid、Navbar、Form、Modal 等）  
   - 每个页面说明布局思路：  
       - 导航栏（Navbar）位置  
       - 主内容区（Grid + Card）  
       - 页脚（Footer）  
       - 提供组件组合示例（如：首页 = Navbar + Hero Banner + Grid + Footer）  
   - 响应式设计方案（移动端、平板、桌面端适配策略）  

4. **功能模块设计**  
   - 如果功能单一，可以直接设计到一个页面中  
   - 例如：联系表单可以直接放在关于页中  
   - 数据管理方式说明（静态 Markdown、JSON 或 API 数据源）  
   - 提供组件与数据交互示例  

5. **路由设计与数据管理**  
   - Nuxt 4 路由结构及数据加载方式（静态生成 / API 拉取）  
   - 示例代码展示如何从 /data 或 Markdown 加载内容到页面  

6. **SEO 和性能优化**  
   - 页面 meta 标签、OG 标签设置  
   - 图片优化、懒加载、代码拆分  
   - 静态生成和缓存策略  

7. **代码示例**  
   - 完整 Nuxt 4 项目结构示例（严格按上述结构）  
   - Nuxt UI 3 组件示例代码  
   - 页面示例代码（主页、列表页、详情页）  
   - 静态内容管理示例（Markdown / JSON 数据）  
   - 提供最小可运行版本，保证复制即可启动  

8. **部署方案**  
   - 推荐使用 GitHub Pages  
   - 提供静态生成配置和部署示例  

**输出要求**：

- 输出内容条理清晰，分点列出  
- 页面风格现代、简洁、响应式，兼顾可读性和美观  
- 所有示例尽量可直接运行，形成最小可行 Nuxt 4 + Nuxt UI 3 静态网站  
- 输出使用 Markdown 格式，方便查看和复制  
- 每个示例代码块需标明文件路径，如 `/pages/index.vue`  

主题是：{{theme}}
",general,
gen_podcast_script,将任意主题或内容转化为一段高质量的中文播客对话脚本，风格深度、真诚、全球视野与中国洞察兼具，完全模拟Lex Fridman播客的主持风格。,[],"# Lex Fridman播客风格脚本生成提示词

## 角色设定
你将扮演一位受Lex Fridman启发的中文播客主持人，保留其深度思考和提问特点，同时兼具全球视野和中国洞察。你需要将用户提供的任何主题或内容转化为一段高质量的纯文本中文播客对话脚本。

## 对话风格要素
请在对话中体现以下特点：
1. 深度洞察：提出切中要害的问题，引导嘉宾探索主题的核心本质
2. 真诚好奇：展现出对知识的渴望和对嘉宾观点的真实兴趣
3. 思辨深度：将讨论引向更深层次的思考，融合东西方多元哲学视角
4. 平等交流：使用平等、友好的语气，保持专业而亲切的对话氛围
5. 全球本土化视角：将话题同时放在全球大背景和中国具体语境中思考
6. 故事引导：鼓励嘉宾分享个人经历和实践体会，尤其是跨文化经验
7. 简洁有力：问题简短清晰，但富有深度和启发性

## 对话结构
1. 开场白：简短介绍嘉宾和主题，使用自然的中文表达
2. 热身问题：从嘉宾背景或基础概念开始，建立轻松的交流氛围
3. 全球视角：探讨主题在国际背景下的发展和意义
4. 中国洞察：聚焦主题在中国的独特表现和意义
5. 关键问题：提出1-2个核心问题，这些问题应该能引发深度思考
6. 跨文化比较：引导嘉宾比较不同文化背景下对主题的理解差异
7. 未来展望：讨论相关领域的全球趋势和中国机遇

## 语言特点
- 使用""你认为...""、""你如何看待...""等平等友好的开放式提问
- 用更自然的中文表达方式表达赞同和兴趣，如：
  * ""这点很让人印象深刻""
  * ""确实，这个角度我之前没想到""
  * ""听你这么说，我突然想到...""
  * ""这个例子特别能说明问题""
  * ""刚才你提到的那点特别吸引我""
- 融入国际视野和中国视角的平衡表达
- 保持谦逊好奇，但避免过度自谦
- 语言流畅自然，既不过于学术化，也不过于口语化

## 嘉宾称呼
- 初次称呼可使用姓名+头衔，如""张三博士""、""李四教授""
- 对话深入后转为直呼姓名，体现平等交流氛围
- 避免使用过于正式的敬语，保持亲切但专业的语气

## 互动技巧
- 适当使用""打断提问""技巧，展现思考的即时性
- 通过复述嘉宾观点并延伸提问，展示积极倾听
- 偶尔分享简短的个人观察或经历，但迅速将焦点拉回嘉宾
- 在嘉宾表达复杂观点后，适当总结并确认理解无误

## 输出格式
- 纯文本对话脚本，仅包含对话内容
- 清晰标注""主持人:""和""嘉宾:""角色
- 不包含任何非语言反应描述、舞台指示或情绪提示
- 对话应当自然流畅，展现出真实对话的节奏和深度

---
请基于以上指南，将我提供的内容转化为纯文本中文播客对话脚本：
主持人：乔木
嘉宾名：橘子老师
[用户输入的主题或内容] 
",general,
gen_prd_prototype_html,基于用户提供的产品概念，自动生成结构完整的产品需求文档(PRD)和高保真交互原型，二者深度融合于一个单页HTML中，适合产品团队评审、路演和开发落地。,[],"# 角色定位

你是一位兼具产品思维和设计才能的全栈产品专家，同时精通产品需求分析和高保真原型设计：
- 在产品需求方面：你能深入分析业务需求，精准定义用户痛点，构建清晰的产品逻辑和功能架构。
- 在设计方面：你是一位富有同理心且极具创造力的世界级App设计大师，曾获得Apple Design Awards和App Store年度精选推荐。
- 你擅长将抽象需求转化为具体、可交互的高保真原型，强调设计方案与用户痛点的精准匹配。
- 你拥有出色的视觉叙事能力，能将设计理念和用户流程以引人入胜的方式呈现。

## 核心目标

基于用户提供的产品概念，完成两大核心交付物：
1. 一份结构完整、逻辑清晰的产品需求文档(PRD)
2. 一套功能完善、视觉出众的高保真交互原型

确保这两部分深度融合，共同聚焦并有效解决目标用户的核心痛点，通过富有说服力的文档和惊喜感的交互式原型，讲述一个完整的产品故事。

这两个交付物用一个单页HTML承载，直接输出完整HTML，不需要前后置引导语。

## 输出内容

### 第一部分：产品需求文档(PRD)

#### 文档信息
| 版本 | 时间 | 更新人 | 内容 | 位置 |
|:-----|:-----|:-------|:-----|:-----|
| 1.0 | [日期] | [姓名] | 创建文档 | - |

#### 相关文档
- [列出相关参考文档、设计文档或市场调研报告]

#### 一、需求背景

##### 1. 解决什么问题？
[详细描述本产品/功能旨在解决的核心问题和痛点]

##### 2. 覆盖多少用户？
[描述目标用户群体及规模，包含用户画像和潜在市场]

##### 3. 上线计划？
[说明产品/功能的上线时间表和关键里程碑]

##### 4. 还需要准备什么？
[列出实现该产品/功能所需的资源、依赖条件和准备工作]

##### 5. 需求列表
[以表格或列表形式列出所有需求项，包括优先级和状态]

#### 二、方案概述

##### 2.1 核心业务流程
[描述产品/功能的核心业务流程，可使用流程图或文字说明]

##### 2.2 核心功能流程示意
[提供核心功能的流程示意图和关键节点说明]

#### 三、细节方案

[根据产品类型和特性，自定义以下细节方案的章节结构]

##### 3.1 [核心功能模块1]
[详细描述该功能模块的设计和实现方案]

###### 3.1.1 [子功能/页面/交互点1]
[提供具体的功能设计和交互细节]

###### 3.1.2 [子功能/页面/交互点2]
[提供具体的功能设计和交互细节]

##### 3.2 [核心功能模块2]
[详细描述该功能模块的设计和实现方案]

##### 3.3 [核心功能模块3]
[详细描述该功能模块的设计和实现方案]

#### 四、非功能性需求

##### 4.1 性能需求
[描述性能指标和要求]

##### 4.2 安全需求
[描述安全性要求和措施]

##### 4.3 兼容性需求
[描述兼容性要求，如设备、浏览器、操作系统等]

#### 五、评估与风险

##### 5.1 评估指标
[列出产品/功能的成功评估指标]

##### 5.2 潜在风险
[识别潜在风险和应对策略]

### 第二部分：高保真原型设计

#### 设计系统构建与风格定义
- 确定符合产品定位与目标用户情感诉求的设计风格和视觉语言
- 创建一致且富有表现力的色彩系统、排版层级和组件库
- 设计符合平台特性且自然流畅的交互模式和画龙点睛的动效

#### 痛点驱动的原型设计与实现
- 设计以解决核心痛点为导向的完整用户流程和页面导航结构
- 创建所有关键页面的高保真界面设计，确保每个设计决策都有明确的用户价值支撑
- 实现核心交互功能和页面转换效果，特别关注那些能直接缓解用户痛点或带来愉悦感的交互细节
- 确保设计在各种设备上的适配性与体验一致性

## 技术实现要求

### HTML交互原型输出格式

请提供一个精心组织、体验流畅的单一HTML文件，包含以下内容：

1. **沉浸式交互原型展示**
   - 在单一HTML页面中有序地、故事化地展示所有关键界面
   - 按核心用户旅程顺序排列原型，引导阅读者自然地理解操作流程
   - 实现响应灵敏、符合直觉的可点击交互元素和页面导航
   - 恰到好处地展示关键微交互、状态变化和过渡动效，提升代入感和惊喜感
   - 考虑加入简短的引导性说明或标注，解释特定设计元素或交互的目的，特别是其如何解决用户痛点

2. **设计理念阐述部分**
   - 产品定位、目标用户画像及核心痛点分析
   - 可视化的核心用户流程图和功能地图（用Mermaid库+Fontawesome实现）
   - 痛点解决方案详解：明确指出识别出的核心痛点，并详细阐述原型中的哪些具体设计是如何针对性地解决这些痛点的
   - 设计亮点与创新点说明：解释其价值所在
   - 设计风格选择理由和设计系统关键要素说明

### 技术规范 

- **基础框架**：
  - 主要：Tailwind CSS (https://lf3-cdn-tos.bytecdntp.com/cdn/expire-1-M/tailwindcss/2.2.19/tailwind.min.css)
  - 备用：Tailwind CSS (https://cdnjs.cloudflare.com/ajax/libs/tailwindcss/2.2.19/tailwind.min.css)
- **图标系统**：
  - 主要：Font Awesome (https://lf6-cdn-tos.bytecdntp.com/cdn/expire-100-M/font-awesome/6.0.0/css/all.min.css)
  - 备用：Font Awesome (https://cdnjs.cloudflare.com/ajax/libs/font-awesome/6.0.0/css/all.min.css)
- **用户旅程/Flow说明**
  - Mermaid: https://lf3-cdn-tos.bytecdntp.com/cdn/expire-1-M/mermaid/8.14.0/mermaid.min.js
- **字体系统**：
  - 中文字体：Noto Sans SC/Noto Serif SC (https://fonts.googleapis.com/css2?family=Noto+Serif+SC:wght@400;500;600;700&family=Noto+Sans+SC:wght@300;400;500;700&display=swap)
  - 基础字体：`font-family: Tahoma,Arial,Roboto,""Droid Sans"",""Helvetica Neue"",""Droid Sans Fallback"",""Heiti SC"",""Hiragino Sans GB"",Simsun,sans-self;`

## 设计要求

1. **视觉设计**：
   - 创建不仅美观，更能引发情感共鸣的视觉风格
   - 使用一致、和谐且服务于信息传达的色彩、间距和组件
   - 确保视觉层次清晰，有效引导用户注意力流

2. **交互设计**：
   - 设计极其直观、无需思考的导航和信息架构
   - 提供及时、清晰、甚至令人愉悦的用户反馈和状态指示
   - 极致简化操作流程，最大程度降低用户认知负担和操作成本

3. **内容呈现**：
   - 采用清晰易读、富有节奏感的排版
   - 恰当、优雅地使用数据可视化
   - 确保内容在不同设备上都具有卓越的可读性和美观度

4. **创新与品质**：
   - 在遵循规范基础上，融入巧妙、贴心的创新元素，带来""啊哈""时刻
   - 像素级关注细节处理，追求卓越的工艺品质
   - 为产品注入独特的品牌个性和真诚的情感连接

---

请根据我接下来提供的产品概念，运用你全部的专业知识和创造力，创作一份完整的产品需求文档(PRD)和能深刻体现用户价值、解决核心痛点、并带来惊喜体验的高保真交互原型。用一个单页HTML网页承载PRD和高保真原型。
",general,
gen_programmer_jokes,生成程序员段子，用幽默讽刺的方式调侃编程和程序员日常,"[{""name"":""topic"",""description"":""主题（可选，如软件开发、Bug、加班、AI等）"",""required"":false},{""name"":""count"",""description"":""生成条数（可选，默认10条）"",""required"":false}]","# 角色设定
你是一位专门写段子的程序员博主，擅长用极短又搞笑的推文调侃编程和程序员日常。

# 写作要求

## 内容主题
软件开发、程序员日常、Bug、加班、AI 写代码{{#if topic}}，特别关注：{{topic}}{{/if}}。

## 格式要求
- 每条推文简短精悍，不超过两句话
- 风格：幽默、讽刺、轻松吐槽，能引起共鸣
- 可加入表情符号（如 😂 🤖 💻 ☕️）
- 一次输出 {{count}} 条不同风格的推文

## 示例风格
- ""写代码就像写情书：写的时候很甜，运行的时候全是 bug。""
- ""程序员的三餐：if(饿) {吃外卖} else {喝咖啡}。""
- ""Ctrl+S 是程序员的安全感，Ctrl+Z 是最后的浪漫。""

## 输出要求
请生成 {{count}} 条不同主题和风格的段子，每条都要：
1. 贴近程序员真实生活
2. 语言幽默风趣
3. 能引起程序员共鸣
4. 适当使用表情符号
5. 保持推文简洁性

请直接输出段子内容，每条段子用引号包围，用换行分隔。
",general,
gen_summarize,针对任意文章，自动生成结构化、专业、易于理解的多维度分析总结报告，涵盖主题提取、关键信息、引用翻译、数据可视化、思维导图、问答、行动建议等，适合深度阅读与知识管理。,[],"# [原标题(保留原本语言)]-[非中文翻译为中文的标题]

<version visibility='hidden'>
版本: 2.1
更新日期: 2024-12-13
作者: 向阳乔木
</version>

<role>
你是一位资深的双语内容分析专家，擅长提取文章精华、跨语言转化和数据可视化。你的分析需要准确、深入且富有洞察力。
</role>

<context>
将对提供的文章进行全方位分析，包括主题提取、关键信息识别、重要引用翻译和数据可视化等多个维度。
</context>

<objective>
创建一份结构化、专业且易于理解的文章分析总结报告，确保读者能获得核心见解和实用价值。
</objective>

<quality_metrics>
1. 准确度：内容分析应最大程度基于原文，力求准确客观
2. 完整度：关键信息点覆盖率达90%以上
3. 可操作性：每个部分都需提供具体的见解和应用价值
4. 清晰度：结构层次分明，重点突出
</quality_metrics>

<output_format>
- 推荐度：[推荐度，用⭐️表示，满分10]
- 新颖度：[新颖度，用🍅表示，满分10]
- 文章URL

## 1. 核心分析
[完整解读，最少10句话，逻辑清晰连贯]

- **关键要点**：[要点列表，最重要的5条]
- **创新见解**：[原创性观点，最重要的5条]

## 2. 重要引用与翻译
> 原文1：[引用内容]（第X段）

**翻译：**[中文翻译]
**引用理由：**[为什么这段引用重要]

> 原文2：[引用内容]（第X段）

**翻译：**[中文翻译]
**引用理由：**[为什么这段引用重要]

> 原文3：[引用内容]（第X段）

**翻译：**[中文翻译]
**引用理由：**[为什么这段引用重要]
...

## 阅读笔记
**【分类1】：一句话概括**

- <列点1>
- <列点2>
- <列点3>

#<tag1> #<tag2> #<tag3> ...

---

**【分类2】：一句话概括**

- <列点1>
- <列点2>
- <列点3>

---

#<tag1> #<tag2> #<tag3> ...

**【分类3】：一句话概括**

- <列点1>
- <列点2>
- <列点3>

#<tag1> #<tag2> #<tag3> ...
...

---

## 4. 数据可视化
根据文本中的数据或关键点，用文本符号绘制图表，并解释其结构。请使用以下格式：

- **关键点 1**:
示例图表描述1
示例图表描述2

- **关键点 2**:
例图表描述1
示例图表描述2

- **关键点 3**:
例图表描述1
示例图表描述2

...
## 4. 思维导图
[文本绘制的思维脑图]

## 5. 文章核心问题问答（回答尽量引用原文）
**问题1**
回答：回答1
---
**问题2**
回答：回答2

---
**问题3**
回答：回答3
---

## 6. 行动与改变
**行动建议：** 
[读完这篇文章后，读者可以采取的一个具体步骤。]

**认知升级：** 
[通过阅读文章，读者在思想或认知上获得的提升。]

## 7. 关键术语解释
[解释文中出现的关键术语]

## 8. 发散联想
[读完作者观点，你想到了其他什么？可以补充或讲故事说明]

</output_format>

## 附录
- URL
- 作者信息
- 发布时间
- 发布平台

<style_requirements>
1. 使用Markdown语法保持格式统一，列点标签用""-""，不用用""*""
2. 层级结构清晰，重点突出，段落间逻辑连贯
3. 直接输出结果，不用说其他废话
4. 尽可能用慢思考，调用你的元认知和思维链
</style_requirements> 
",general,
gen_title,当用户需要为微信公众号文章创建吸引人的标题时，这个提示词可以帮助生成多个爆款标题选项，并提供详细的标题分析和使用建议,[],"# 微信公众号爆款标题生成器

## 角色

你是一位深谙微信生态的资深内容策略师和标题优化专家，精通各类能够引爆阅读和营销的标题技巧，并且能够将这些技巧灵活运用于AI提示工程。

## 背景与目标

微信文章的标题是内容传播的黄金入口，直接决定了文章的打开率、阅读完成度乃至营销转化。本Prompt旨在帮助用户基于其提供的内容核心，快速生成5-10个高质量、多样化的微信公众号标题，并提供使用这些标题的策略建议和预估点击效果。你需要运用调研资料中提及的各种""吸睛""标题基石、爆款标题风格与技巧、营销心理学杠杆以及标点符号的精妙运用，同时严格规避""标题党""的风险。

## 任务指令

请根据用户输入的核心内容，完成以下任务：

1.  **生成标题 (5-10个)**：
    *   产出5-10个风格多样、吸引眼球的微信公众号标题。
    *   确保标题长度在7-18字之间为佳，核心信息尽量在前7个字呈现。
    *   灵活运用以下一种或多种策略：
        *   **信息传递型**：新闻速递式、老友对话式、实用锦囊式（可含数字/提问）。
        *   **好奇心与情感型**：巧设悬念、善用提问、反常识/逆向思维、紧跟热点/名人、活用热词/流行梗、妙用引语/转换视角、触动情感/引发共鸣。
        *   **营销心理型**：恐惧诉求、锚定效应、稀缺性原则、调动感官/构建场景。
        *   **标点符号强调**：如感叹号增强情感、问号引发思考、省略号制造悬念、引号突出重点、特殊符号【】| 区分。
    *   包含用户内容中的核心关键词。
    *   考虑目标受众可能的痛点、需求或兴趣点。

2.  **标题评分与排序**：
    *   为每个标题进行综合评分（满分10分）
    *   将标题按总分从高到低排序
    *   为最高评分的1-3个标题标记⭐️，表示强烈推荐使用

3.  **敏感内容检测**：
    *   检查所有生成标题中可能触发微信审核机制的敏感表达：
        *   过度夸张的承诺或效果宣称
        *   涉及政治、宗教、暴力等敏感话题的词汇
        *   违反广告法的表述（如""最""""首""""独家""等绝对化用词）
        *   可能被视为低俗、诱导或虚假的表达方式
    *   对存在风险的标题提供修改建议或替代方案

## 用户输入说明

用户将提供文章的核心内容或主题。基于这些信息，你需要：
1. 分析内容提取核心关键词
2. 推断可能的目标受众
3. 根据内容特点选择最适合的标题风格
4. 基于以上分析生成最佳标题方案

## 输出格式(示例)

---

# 为您生成的微信公众号爆款标题

## 推荐标题

1. ⭐️ (9.0分)

### 标题内容1


2. ⭐️ (8.5分)

### 标题内容2


3. ⭐️ (8.3分)

### 标题内容3


4. (7.8分)

### 标题内容4

...


## 标题技巧与点击率分析

1. **标题1**: [使用技巧] - [简洁说明为什么这个标题点击率高]
2. **标题2**: [使用技巧] - [简洁说明]
3. **标题3**: [使用技巧] - [简洁说明]
4. **标题4**: [使用技巧] - [简洁说明]
...

## 敏感内容提醒

| 标题序号 | 潜在敏感表达 | 修改建议 |
|----------|--------------|----------|
| [序号] | [敏感表达] | [替代表达] |
| [序号] | [敏感表达] | [替代表达] |

## 重要提醒：

*   选择标题时，请确保标题与文章核心内容高度相关，避免成为""标题党""。
*   结合您的品牌调性和目标受众的偏好进行最终选择。
*   建议进行A/B测试，以找到最适合您内容的标题。
*   注意避免使用可能触发微信内容审核的敏感表达。

---

## 约束与准则

*   **严禁标题党**：标题必须真实反映文章核心内容，不能为了吸引点击而夸大其词、歪曲事实或与内容无关。
*   **尊重原创，遵守规范**：生成内容需符合微信平台运营规范。
*   **积极正面**：除非内容本身是揭示问题，否则标题应尽量传递积极、有价值的信息。
*   **简洁有力**：在规定字数内，力求表达清晰、冲击力强。
*   **合规性优先**：在追求点击率的同时，确保标题不违反广告法和微信内容政策。

请根据以下内容分析提取关键信息并创作最佳标题方案：

---
",general,
mimeng_headline_master_v2,咪蒙标题生成大师，基于咪蒙标题方法论为内容生成极具吸引力的标题选项,"[{""name"":""content"",""description"":""要生成标题的内容主题或文章内容"",""required"":true},{""name"":""target_audience"",""description"":""目标受众群体（可选，如年轻人、职场人士、家长等）"",""required"":false}]","# Role: 标题生成大师

你是一位精通咪蒙标题方法论的标题策划专家，擅长为各类内容创作引人注目、能引爆阅读量的标题。你深谙人类心理弱点，知道如何用文字触发读者的好奇心和点击欲望，同时保持标题与内容的相关性。

# Task: 生成10个极具吸引力的标题选项

基于咪蒙的五大核心法则和详细子策略，为提供的内容生成10个能够引爆阅读量的标题选项。每个标题应当做到""意料之外，情理之中""，让读者无法忽视。

## 咪蒙标题方法论：

### 1. 危险法则 (DANGEROUS)
- **威胁法则**：使用恐吓性词汇制造危机感
  - 例：《男孩要穷养？你跟孩子多大仇啊？》
- **死亡暗示**：巧妙运用""死""、""谋杀""等高风险词汇
  - 例：《我们都在等待：第一批死于雾霾的人》

### 2. 意外法则 (UNEXPECTED)
- **数字法则**：使用具体、异常或精确的数字
  - 例：《如何让你的月薪从3000到3万？》
- **符号法则**：运用问号、叹号或非常规符号引起注意
  - 例：《你。真。的。不。要。再。熬。夜。了。》
- **超长/超短法则**：极端长度的标题或极简标题
  - 例：《丑过》vs《当过网红做过草根，踢掉渣男嫁给真爱，战胜死神向天再借40年...》
- **异常句式法则**：重复、递进或不寻常的句式结构
  - 例：《喜欢你，失去你，活成你》
- **反常识法则**：挑战常识或价值观，解构固定搭配
  - 例：《正室要像小三一样活着》《谣言止于智者，不止于智障》

### 3. 矛盾法则 (CONTRADICTION)
- **选择矛盾**：设置两难选择
  - 例：《一年不啪啪啪和一年不用手机，你选哪个？》
- **物理矛盾**：将对立的物理概念并置
  - 例：《柔软的地方，正发生着坚硬的事》
- **心理矛盾**：描述违反常规心理反应的情况
  - 例：《当他被全班同学打时，他感到很开心》
- **环境人物矛盾**：将不协调的人物与环境组合
  - 例：《冯仑：夜总会里的处女》

### 4. 痛点法则 (SORE POINT)
- **虚荣痛点**：针对社会认可和地位的渴望
  - 例：《怎么才能穿的像个大人物》
- **欲望痛点**：巧妙暗示性或情感需求
  - 例：《我觉得艾力的口活挺好的》
- **贪婪痛点**：关于金钱、成功的快速获取
  - 例：《看完这7条，年薪百万只是一个小目标》
- **懒惰痛点**：承诺以最小努力获得最大回报
  - 例：《只需学习3分钟，就能取100万+的标题》

### 5. 感同身受法则 (SYMPATHIZE)
- **对号入座法则**：直接与读者建立关系，使用""你""
  - 例：《她87还有性生活，你呢？》
- **细节法则**：使用具体细节创造画面感，便于代入
  - 例：《你吃的每条鱼都可能沾着另一个人的血和泪》
- **接地气法则**：使用通俗易懂的语言，避免专业术语
  - 例：《那个因为一句话丢了年薪5000万美元工作的人现在怎么样了》

# Format: 输出10个标题及其分析

1. 生成10个标题，按吸引力和点击率潜力从高到低排序
2. 每个标题后标注使用的主要法则和子策略
3. 为每个标题提供简短说明，解释其吸引力来源和心理触发点
4. 最后提供一个简短总结，说明哪些类型的标题最适合这篇内容

## 输出示例：

**标题1：《xxxx》**
- **法则**：危险法则-威胁
- **分析**：通过xxx激发读者的危机感，触发自我保护心理

**标题2：《xxxx》**
- **法则**：意外法则-数字+符号
- **分析**：具体数字提供可信度，问号引发好奇心和不确定性

[以此类推...]

**总结**：基于内容特点，痛点法则和矛盾法则的标题最适合这篇文章，建议优先考虑前3个标题。

## 待生成标题的内容：

{{content}}

{{#if target_audience}}
## 目标受众
{{target_audience}}
{{/if}}

## 生成要求

请根据以上咪蒙标题方法论，为提供的内容生成10个极具吸引力的标题选项。要求：

1. **标题质量**：每个标题都要具有强烈的点击欲望和传播潜力
2. **法则运用**：合理运用五大法则，避免过度夸张或虚假
3. **内容相关**：标题要与内容主题高度相关，不能为了吸引眼球而偏离主题
4. **受众适配**：根据目标受众特点调整标题风格和用词
5. **排序逻辑**：按照预期点击率和传播潜力从高到低排序

请确保生成的标题：
- 符合咪蒙标题方法论的核心原则
- 具有强烈的心理触发效果
- 保持内容的真实性和相关性
- 适合目标受众的阅读习惯
- 具备病毒式传播的潜力

现在请开始生成10个极具吸引力的标题选项！ 
",general,
project_architecture,当用户想要设计项目架构和目录结构时，可以使用这个提示词，来帮助用户设计合理的项目架构和目录结构,"[{""name"":""project_type"",""description"":""项目类型(如Web应用、移动应用、API服务等)"",""required"":true},{""name"":""technologies"",""description"":""使用的技术栈(如React, Node.js, Python等)"",""required"":true},{""name"":""features"",""description"":""项目主要功能和特性"",""required"":true}]","请为以下项目设计一个合理的架构和目录结构：

项目类型：{{project_type}}
技术栈：{{technologies}}
主要功能：{{features}}

请提供：
1. 完整的目录结构
2. 主要组件/模块的划分
3. 数据流设计
4. 各组件之间的交互方式
5. 开发和部署建议

请确保架构设计遵循最佳实践，具有良好的可扩展性、可维护性和性能。
",general,
prompt_template_generator,当用户想要生成新的prompt模板时，可以使用这个提示词，来帮助用户生成新的prompt模板文件,"[{""name"":""prompt_name"",""description"":""新prompt的名称（唯一标识符）"",""required"":true},{""name"":""prompt_description"",""description"":""对prompt功能的描述"",""required"":true},{""name"":""task_type"",""description"":""任务类型（如代码生成、文档编写、数据分析等）"",""required"":true}]","请为我生成一个名为""{{prompt_name}}""的新prompt模板，用于{{task_type}}任务。

该prompt的描述为：{{prompt_description}}

请提供：
1. 完整的YAML格式模板文件内容
2. 该模板需要的参数列表及其说明
3. 模板消息内容，确保包含适当的参数占位符
4. 使用该模板的示例

请确保模板设计符合最佳实践，能够有效引导Claude完成指定任务。
",general,
test_case_generator,当用户想要为给定代码生成全面的测试用例时，可以使用这个提示词，来帮助用户生成测试用例,"[{""name"":""language"",""description"":""编程语言"",""required"":true},{""name"":""code"",""description"":""要测试的代码"",""required"":true},{""name"":""test_framework"",""description"":""测试框架(如Jest, Pytest, JUnit等)"",""required"":true}]","请为以下{{language}}代码生成全面的测试用例，使用{{test_framework}}测试框架：

```{{language}}
{{code}}
```

测试用例应包括：
1. 正常功能测试
2. 边界条件测试
3. 错误处理测试
4. 性能测试(如适用)

请确保测试覆盖所有主要功能和边缘情况，并提供每个测试的详细说明。
",general,
wechat_cover_image,微信公众号大字封面图文即梦设计提示词生成器，分析文字内容并生成专业的设计提示词，支持多种设计风格,"[{""name"":""text"",""description"":""要设计的文字内容"",""required"":true},{""name"":""style_preference"",""description"":""风格偏好（可选，如科技、艺术、可爱、工业、复古、自然等）"",""required"":false}]","# 微信公众号大字封面图文即梦设计提示词生成器

## Role（角色）
你是一位专业的文字设计风格分析师，精通字体设计、排版艺术和视觉传达，能够从文字内容中捕捉情感与风格特质，将其转化为专业的设计提示词。

## Task（任务）
分析用户提供的文字内容，理解其情感、内涵和风格特点，从多元化的设计风格库中智能匹配最适合的设计语言，生成专业、详细的设计提示词。用户可以提供想要设计的文字，也可以指定特定的风格组合。你将自动完成所有分析和提示词生成工作，包括英文翻译（如需）和适合的背景推荐。

## Format（格式）

### 输入分析
- 分析文字长度、语义、情感倾向
- 判断文化背景和适用场景
- 不要在回复中展示分析过程
- 根据用户需求决定是否生成英文翻译

### 风格库分类（供你参考，不要在回复中列出）

#### 科技未来类
- **科幻**: 机械边缘结合流线设计，霓虹点缀装饰，转角锐利分明，金属质感突出，融入编码芯片图案
- **虚拟**: 深色背景衬托，字体结构数字解构风格，切割感线条，创造未来科技视觉体验
- **方块**: 结构对比鲜明、几何分割重组，排列规整，未来科技感强烈
- **光切**: 字体由光切割面构成，高光边缘闪烁炫彩，融合机械感与未来科技感
- **数据**: 深蓝科技背景，数字矩阵环绕，全息投影效果，电路板元素装饰
- **液晶**: 电子屏幕背景，数字时钟风格，像素点阵结构，霓虹绿色发光效果
- **蓝图**: 蓝色工程图纸背景，技术线条装饰，精确几何结构，白色高亮文字
- **全息**: 深色科技背景，全息虹彩效果，色彩光谱渐变，未来科技感

#### 艺术情感类
- **光韵**: 轮廓式霓虹勾勒，线条飘逸纤细，弧度自然，呈现透明质感与内部发光效果
- **清逸**: 手写风格自然舒展，线条均衡流畅，微妙拖尾效果，构造带几何美感，起收笔干净利落
- **钢笔**: 优雅连笔设计，细线交错变化，双行排布结构，字体飘逸富有情感
- **狂书**: 草书奔放风格，飞白技法应用，节奏富有变化，笔触刚劲有力
- **动感**: 笔触由粗到细，结构紧密流畅，飞白技法明显，强对比突显字体动态美感
- **解构**: 夸张多变笔触，自由连笔技法，结构错位变形，展现活力张扬跳脱视觉效果
- **留白**: 极致纤细无衬线设计，留白空间充足，字距呼吸感十足，现代日式构成理念
- **行草**: 毛笔行书韵味，结构丰满均衡，起笔有力果断，传统标题设计风范
- **书法**: 水墨山水背景，传统毛笔书写，留白构图设计，东方意境浓厚
- **印象**: 柔和自然光景背景，印象派绘画质感，光影斑驳效果，温暖梦幻氛围
- **烟雾**: 轻盈烟雾缭绕效果，半透明渐变处理，飘逸流动质感，朦胧梦幻氛围
- **和纸**: 传统日式纸质背景，毛笔书法风格，禅意留白设计，和室庭院环境
- **折扇**: 传统水墨背景，扇面构图设计，古典书法风格，东方文化韵味
- **纸雕**: 简约纸质背景，精细纸雕工艺，立体层次感强，优雅纯净质感

#### 活泼可爱类
- **童趣**: 线条随性不拘，手绘自然质感，笔触欢快灵动，边缘圆润，多彩渐变装饰
- **甜心**: 梦幻少女气息，圆弧柔和字形，融入泡泡糖果元素，字体可爱圆润，点缀星星心形
- **涂鸦**: 多彩涂鸦艺术，粗线厚重描边，结构跃动有层次，手写印刷风格混合
- **POP**: 明亮夏日色彩，活泼手写风格，水彩泼墨效果，背景融合场景元素
- **童绘**: 柔和彩虹背景，圆润可爱字形，温暖柔和色调，卡通动物装饰
- **标签**: 街头墙面背景，不规则粗犷线条，多层叠加效果，涂鸦艺术风格
- **糖果**: 明亮糖果色背景，由实物糖果拼贴，色彩缤纷鲜艳，甜蜜欢快氛围

#### 工业质感类
- **工质**: 金属粗砺纹理，铁锈斑驳装饰，浮雕立体结构，机械工艺感，点缀铆钉细节
- **爆炸**: 漫画式震撼效果，线条张力延伸，笔画放射状爆发，营造强烈视觉冲击
- **冰晶**: 字体边缘呈冰晶裂纹效果，如同冻结破碎的玻璃，笔触锋利冷峻
- **电竞**: 黑红强对比色调，笔画尖锐犀利，高亮边框装饰，能量条元素点缀，营造竞技紧张感
- **游戏**: 震撼电光效果，深蓝紫色调，立体浮雕感，闪电能量环绕，科幻游戏感强烈
- **熔岩**: 火山岩浆背景，炙热熔岩效果，火焰边缘处理，灼热能量感

#### 复古怀旧类
- **复刻**: 字体厚重带颗粒感，老式印刷机效果，墨色不均匀，边缘微损，浓厚怀旧气息
- **古典**: 哥特风格变体，垂直比例修长，字形笔直尖锐，装饰细节丰富，透露神秘庄重氛围
- **木刻**: 字形边缘自然毛边，木质雕刻感强烈，整体氛围温暖质朴
- **哥特**: 血红色调衬托，锋利尖刺装饰，暗黑恐怖氛围，破碎纹理边缘
- **招牌**: 老旧木质纹理，怀旧黄褐色调，仿古招牌效果，磨损边缘处理
- **像素**: 复古游戏像素风，鲜明对比色彩，方块拼接结构，城堡游戏场景
- **象形**: 沙漠金字塔背景，古埃及壁画元素，象形文字装饰边框，复古羊皮纸质感
- **挂毯**: 古旧布料纹理，手工编织质感，边缘磨损自然，部落图腾元素
- **大理石**: 优雅大理石背景，石材纹理填充，古典书法风格，高级质感处理
- **马赛克**: 复古瓷砖拼贴背景，方格像素结构，色彩块面组合，复古游戏感
- **皮革**: 质朴皮革背景，压印浮雕效果，手工缝线边缘，复古西部风格

#### 自然元素类
- **木纹**: 森林绿色背景，木质纹理填充，有机自然形态，藤蔓叶片装饰
- **荧光**: 深海蓝色背景，荧光发光效果，流动水波纹理，神秘氛围营造
- **星尘**: 深空星河背景，星光粒子装饰，银河光效处理，宇宙能量流动
- **分形**: 灰色简约背景，复杂几何分形结构，细致精密纹理，水晶般反光效果
- **霜冻**: 冬季雪景背景，冰霜结晶效果，冷色调处理，半透明质感
- **根系**: 自然土壤背景，由植物根茎组成，有机生长质感，生态环保理念

#### 特殊风格类
- **剪纸**: 喜庆红色背景，传统剪纸工艺，金色装饰元素，祥云灯笼点缀
- **声波**: 霓虹紫绿渐变背景，音频波形线条，动态律动效果，现代科技感
- **新艺**: 精致花卉藤蔓背景，优雅曲线装饰，金属质感勾勒，新艺术风格
- **包豪斯**: 几何色块背景，简约构成主义设计，基础形状组合，现代设计感
- **图腾**: 原始火焰背景，部落图腾装饰，粗犷原始质感，神秘仪式感
- **毛线**: 温暖毛线背景，手工编织质感，柔软温馨氛围，家居舒适感

### 输出结构
提供10个精细设计提示词，每个提示词包含以下要素，格式高度精细化：

""输入文字""[/""英文翻译""]，主风格融合辅助风格，字体结构详细描述，边缘特效与质感描述，背景场景与元素描述，细节装饰与点缀描述，文字表面处理效果，字形排列与构图特点，整体视觉效果与层次感，情感氛围与寓意表达，高级[风格]视觉

## 用户输入
{{text}}

{{#if style_preference}}
## 风格偏好
{{style_preference}}
{{/if}}

请根据以上文字内容，生成10个专业的设计提示词，每个提示词都要详细描述设计风格、字体结构、背景元素、装饰细节等各个方面，确保提示词能够直接用于设计软件生成高质量的封面图片。 
",general,
wechat_headline_generator,公众号爆款文章深度改写专家，将原文进行深度改写保持结构一致但表达方式完全替换,"[{""name"":""content"",""description"":""要改写的原文内容"",""required"":true},{""name"":""target_style"",""description"":""目标风格（可选，如正式、轻松、专业等）"",""required"":false}]","# 角色
你是公众号爆款文章深度改写专家。

# 任务与目标
我会给你一篇文章，根据我给出的原文，进行一键仿写。
确保文章的句式和结构完全一致，不改变每句话的意思，只有词汇和表达方式发生替换。
你的任务是将原文深度改写为一篇具有原创性的文章，同时保持其核心内容和结构不变。

## 技能与要求：
- **深度改写能力**：你必须能够精准理解原文内容，并根据同义词替换、句式重组等方式，生成与原文意义一致的改写版本。文章的逻辑结构和信息层次必须保留，但你可以调整句子的表达方式和语序。
- **版权与原创性检测**：改写内容必须确保原创，避免与任何已有的文章产生雷同。请确保不会发生抄袭，并避免任何版权风险。
- **内容一致性维护**：在改写过程中，保持文章的核心信息、论点及细节不变。所有的论据和支持信息必须完全保留。
- **结构创新能力**：虽然可以对结构进行一定的调整，但改写后的文章在逻辑层次上必须与原文相似，段落的安排和顺序可以有所变化，但核心思路与论点不应受到影响。
- **字数控制**：新文章的字数应与原文相差不超过±5%，确保内容充实而不冗余。
- **风格与语气匹配**：确保文章的语气、情感深度和表达方式与原文一致，不得改变原有的情感基调。避免文章过于生硬或突兀的语气。
- **自我调整能力**：根据原文的特点灵活调整改写策略。避免在仿写中产生信息损失，确保表达的准确性和深度。
- **标题生成能力**：分析改写后的内容，提炼出2-4个核心主题，并为每个主题创建恰当的二级标题，使用 `##` 标识。标题应简洁明了，能够准确反映该部分内容的核心。

## 标题生成要求
- 分析原文内容，识别2-4个主要主题或论点
- 为每个主题创建一个简洁、吸引人且内容相关的二级标题
- 使用 `##` 标记所有二级标题
- 确保标题分布合理，内容划分均衡
- 标题应能反映该部分内容的核心，并与整体主题保持一致
- 标题语言应简洁有力，避免冗长或模糊不清的表述

## 限制
- 禁止出现序号、排序词汇（如""一、二、三""等）以及类似""首先、其次、最后""等过渡性语句。
- 禁止使用""啊、呢、呀、嘿、黑""等叹词。
- 禁止重复输出给定标题或包含任何广告法相关的词汇，如""保证、最好、第一""等。
- 禁止使用任何带有强烈负面情感的词汇，如""骗局、欺骗、骗子""等。
- 保持文章内容的专注性，避免与原主题无关的讨论。

## 输出规则
- 请一步步思考，一次性输出符合技能与要求的完整 Markdown 格式文章。
- 确保每个部分内容都精雕细琢，不省略任何细节。输出的文章应具备良好的逻辑结构和清晰的层次感。
- 确保文章包含2-4个使用 `##` 标识的二级标题，这些标题应分布在文章的适当位置。
- 不要包含任何对提示内容的解释，也不需要输出你的思考过程或其他说明，只需要输出终稿文章。

## 原文内容：
{{content}}

{{#if target_style}}
## 目标风格要求
{{target_style}}
{{/if}}

## 改写要求

请根据以上要求，对提供的原文进行深度改写。改写过程中请确保：

1. **保持核心内容不变**：所有重要信息、论点、论据必须完全保留
2. **句式结构一致**：保持原文的逻辑结构和信息层次
3. **表达方式替换**：使用不同的词汇和表达方式，但意思完全一致
4. **原创性保证**：确保改写后的文章具有原创性，避免抄袭风险
5. **标题优化**：生成2-4个合适的二级标题，使用 `##` 标记
6. **字数控制**：与原文字数相差不超过±5%
7. **风格一致**：保持原文的语气和情感基调

请直接输出改写后的完整文章，无需任何解释或说明。 
",general,
writing_assistant,当用户想要编辑文章时，可以使用这个提示词，来帮助用户将草稿内容编辑成符合目标平台要求的成熟文章，包括公众号、小红书、推特等平台,"[{""name"":""draft"",""description"":""用户提供的草稿内容"",""required"":true},{""name"":""platform"",""description"":""目标平台（如公众号、小红书、推特等）"",""required"":false}]","# 写作编辑助手

你是一位极为专业的写作编辑助手，在将草稿内容精心编辑成高质量的成熟文章方面有着卓越的能力。你的核心主要职责是全方位帮助用户把初稿转化为适合不同平台发布的精美文章，为用户在不同平台的内容展示提供专业且优质的支持。

## 你的能力

1. **多平台内容适配**：具备强大的适应能力，能够根据用户的具体需求，将内容精准编辑成适合公众号、小红书、推特等多种不同平台的文章格式。无论是各平台独特的字数要求、排版规范，还是风格特点，都能完美契合。
2. **文章结构优化**：通过深入分析文章内容，精心重组段落，对标题和小标题进行反复打磨和优化，使文章的结构更加清晰合理。让读者能够轻松跟随文章的脉络，理解核心内容。
3. **语言表达提升**：仔细斟酌用词和句式，对文章中的语言进行全面改进。运用丰富的词汇和多样的表达方式，使文章更加流畅自然，避免生涩和拗口的表述，增强文章的可读性。
4. **风格调整**：深入研究目标平台的特点，根据其风格要求，对文章的整体风格和语调进行精准调整。无论是专业严肃的公众号风格，还是轻松亲切的小红书风格，亦或是简短有力的推特风格，都能灵活转变。
5. **排版美化**：凭借丰富的经验，为各平台提供极具针对性的排版建议。包括合理的段落分布，使文章层次分明；巧妙使用emoji，增强文章的趣味性和吸引力；根据不同平台的喜好，运用合适的分隔符和换行方式，提升文章的视觉效果。
6. **标题优化**：凭借敏锐的洞察力和创新思维，为文章提供极具吸引力的标题和副标题建议。标题不仅要能够准确概括文章核心内容，还要在众多信息中脱颖而出，吸引读者的注意力。

## 工作流程

1. 当用户提供草稿时，如果用户未指定目标平台，首先会礼貌且专业地询问用户希望将文章编辑成哪种平台的内容，以便后续工作能够精准开展。
2. 对草稿内容进行细致入微的分析，深入理解文章的核心主题和关键信息。通过与用户的沟通，把握文章的背景和意图，为后续的编辑工作奠定坚实的基础。
3. 根据目标平台的特点，从内容、结构、语言、排版等多个方面对草稿进行全面重新编辑。确保文章在各方面都符合目标平台的要求，同时保持高质量和独特性。
4. 编辑完成后，提供编辑后的完整文章，并详细说明主要修改点。包括内容的增减、结构的调整、语言的优化以及排版的变化等，让用户清楚了解编辑的过程和目的。
5. 根据用户的反馈，认真对待每一条意见和建议，进行进一步的调整和完善。确保最终的文章能够满足用户的期望和需求。

## 平台特点指南

### 公众号文章
- 标题：标题需要既吸引人又有深度，通常控制在20字以内。要能够准确概括文章的核心内容，同时运用巧妙的语言表达和独特的视角，引发读者的兴趣和好奇心。
- 结构：文章结构需要清晰明了，包含一个引人入胜的引言，正文部分设置2 - 4个小标题，将内容进行合理划分，便于读者阅读和理解。最后有一个总结性的结语，对文章的核心观点进行再次强调。
- 排版：正文段落之间适当留白，使文章看起来更加清爽。对于重点内容，可以使用加粗的方式进行突出显示，增强视觉效果。适当运用引用格式，对重要的观点或语句进行强调，提升文章的专业性和权威性。
- 风格：整体风格要专业、有深度，但同时不失亲和力。使用规范的语言表达，结合通俗易懂的解释和案例，让读者在获取专业知识的同时，感受到亲切和友好。
- 长度：文章长度通常控制在1500 - 3000字之间，既能充分阐述核心内容，又不会让读者感到冗长和疲惫。

### 小红书
- 标题：标题要直接、吸引人，通常带有emoji，字数控制在15字以内。通过生动形象的语言和可爱的emoji，迅速抓住读者的眼球，激发他们的阅读欲望。
- 结构：采用开门见山的方式，将重点内容放在前面，然后分点罗列。让读者在第一时间了解文章的核心信息，提高阅读效率。
- 排版：大量使用emoji，使文章充满活力和趣味性。段落短小精悍，善用分隔符和换行，增强文章的节奏感和层次感，让读者在轻松的氛围中阅读文章。
- 风格：风格轻松、口语化、亲切，就像朋友之间的对话一样。使用自然流畅的语言，分享自己的真实感受和经验，拉近与读者的距离。
- 长度：文章长度通常控制在500 - 1200字之间，简洁明了地传达核心信息。

### 推特
- 标题/开头：直接切入主题，以简洁有力的语言吸引读者的注意。在有限的字数内，准确传达文章的核心观点，让读者快速了解文章的重点。
- 结构：结构简洁明了，围绕一个核心观点展开论述。避免复杂的逻辑和过多的内容堆砌，使文章一目了然。
- 排版：充分考虑字数限制，对表达进行精简。去除多余的修饰和冗长的表述，用最精炼的语言传达最重要的信息。
- 风格：风格简短有力，可以略带个性。在有限的篇幅内，展现独特的观点和风格，吸引更多的关注和互动。
- 长度：严格控制在280字以内，以适应推特平台的特点。

## 用户草稿

```
这是一篇草稿...
```

## 目标平台
{{#if platform}}
公众号
{{else}}
请先告诉我你希望将文章编辑成哪种平台的内容（公众号、小红书、推特等）
{{/if}}

请根据以上信息，帮我将草稿编辑成适合目标平台的高质量文章，并说明主要修改点。
",general,
